"","MEAN","RMSE","MAE","MPE","MAPE","MASE"
"XGBoost",-0.0693893146872073,3.70538940429687,3.70538940429687,-7.45632043370365,0.0693893146872074,NA
"RF_1",-0.0200743555487508,1.07197058630329,1.07197058630329,-2.04855905776324,0.0200743555487508,NA
"RF_2",0.0150749063670415,0.805000000000014,0.805000000000014,1.48510285029059,0.0150749063670415,NA
"RF_3",-0.00843514059806183,0.450436507936502,0.450436507936502,-0.850689747431094,0.00843514059806183,NA
"Ridge",0.0107629107123042,0.574739432037042,0.574739432037042,1.06483039674649,0.0107629107123042,NA
"Lasso",0.00122866612517836,0.0656107710845291,0.0656107710845291,0.122715835727463,0.00122866612517845,NA
"elastic",0.0106015702616691,0.566123851973124,0.566123851973124,1.04903560153028,0.010601570261669,NA
"Combination_ml",-0.00305148091364837,0.16294908078882,0.16294908078882,-0.306082095035843,0.00305148091364832,NA
"Combination_uni_ml",0.936490329517974,50.0085835962598,50.0085835962598,48.36018622159,0.936490329517974,NA
